PEUGEOT 508 II,
PEUGEOT 3008 II phase 2,
PEUGEOT 3008 II phase 2,
PEUGEOT 508 II,
PEUGEOT 308 III SW,
PEUGEOT 208 (2E GENERATION),
PEUGEOT 308 II phase 2,
PEUGEOT 5008 II,
PEUGEOT 308 II phase 2,
PEUGEOT 2008 II,
PEUGEOT 508 II SW,
PEUGEOT 308 II phase 2,
PEUGEOT RIFTER,
PEUGEOT 308 III,
PEUGEOT 208 II,
PEUGEOT 5008 II phase 2,
PEUGEOT 5008 II phase 2,
PEUGEOT 5008 II phase 2,
PEUGEOT 508 phase 2,
PEUGEOT 2008 II,
PEUGEOT 2008 II,
PEUGEOT 3008 II phase 2,
PEUGEOT 2008 phase 2,
PEUGEOT BOXER II phase 2,
PEUGEOT 208 II AFFAIRE,
PEUGEOT RIFTER,
PEUGEOT 3008 II phase 2,
PEUGEOT 3008 II phase 2,
PEUGEOT 508 II,
PEUGEOT 3008 II phase 2,
PEUGEOT 2008 II,
PEUGEOT 3008 II phase 2,
PEUGEOT 208 II,
PEUGEOT 208 II,
PEUGEOT 5008 II,
PEUGEOT 3008 II phase 2,
PEUGEOT BIPPER TEPEE,
PEUGEOT BOXER II phase 2,
PEUGEOT PARTNER III FOURGON phase 2,
PEUGEOT EXPERT III FOURGON,
PEUGEOT 3008 II,
PEUGEOT 3008 II phase 2,
PEUGEOT 208 II,
PEUGEOT 2008 II,
PEUGEOT 208 II,
PEUGEOT 308 (2E GENERATION),
PEUGEOT 3008 II phase 2,
PEUGEOT 3008 II phase 2,
PEUGEOT 2008 II,
PEUGEOT 508 II,
PEUGEOT 2008 II,
PEUGEOT 308 II phase 2,
PEUGEOT 508 II,
PEUGEOT 208 phase 2,
PEUGEOT 3008 phase 2,
PEUGEOT 3008 II phase 2,
PEUGEOT PARTNER III FOURGON,
PEUGEOT 2008 II,
PEUGEOT 308 II phase 2,
PEUGEOT EXPERT III FOURGON,
PEUGEOT 308 (2E GENERATION) SW,
PEUGEOT 3008 II phase 2,
PEUGEOT EXPERT III FOURGON,
PEUGEOT 2008 II,
PEUGEOT RIFTER,
PEUGEOT 5008 II phase 2,
PEUGEOT 3008 II phase 2,
PEUGEOT EXPERT III FOURGON,
PEUGEOT 508 II,
PEUGEOT 2008 II,
PEUGEOT 208 phase 2,
PEUGEOT 3008 II phase 2,
PEUGEOT 508 II phase 2,
PEUGEOT 2008 II,
PEUGEOT 3008 II,
PEUGEOT 208 II,
PEUGEOT 5008 II phase 2,
PEUGEOT 208 II,
PEUGEOT 308 II phase 2,
PEUGEOT 5008 II phase 2,
PEUGEOT 2008 II,
PEUGEOT RIFTER,
PEUGEOT 5008 II phase 2,
PEUGEOT 5008 II phase 2,
PEUGEOT 2008 II,
PEUGEOT 5008 II phase 2,
PEUGEOT 3008 II,
PEUGEOT 308 III,
PEUGEOT 308 II SW phase 2,
PEUGEOT 3008 II phase 2,
PEUGEOT 3008 II,
PEUGEOT 208 II,
PEUGEOT 208 II,
PEUGEOT 3008 II phase 2,
PEUGEOT 308 II phase 2,
PEUGEOT 2008 phase 2,
PEUGEOT 208 phase 2,
PEUGEOT 3008 II phase 2,
PEUGEOT 3008 II phase 2,
PEUGEOT 508 II SW,
PEUGEOT RIFTER,
PEUGEOT 308 (2E GENERATION) SW,
PEUGEOT 5008 II,
PEUGEOT 2008 II,
PEUGEOT 2008 phase 2,
PEUGEOT 308 II phase 2,
PEUGEOT 5008 II phase 2,
PEUGEOT 5008 II phase 2,
PEUGEOT 3008 II phase 2,
PEUGEOT 2008 II,
PEUGEOT 208 (2E GENERATION),
PEUGEOT 208 II,
PEUGEOT 2008 II,
PEUGEOT 208 II,
PEUGEOT 5008 II phase 2,
PEUGEOT 3008 II phase 2,
PEUGEOT 2008 II,
PEUGEOT 3008 II phase 2,
PEUGEOT 308 II SW phase 2,
PEUGEOT 308 II phase 2,
PEUGEOT 3008 II,
PEUGEOT 208 II,
PEUGEOT 308 III SW,
PEUGEOT 508 II,
PEUGEOT 3008 II,
PEUGEOT 308 II phase 2,
PEUGEOT 308 II SW phase 2,
PEUGEOT 308 III SW,
PEUGEOT 308 II SW phase 2,
PEUGEOT BOXER II phase 2,
PEUGEOT 2008 II,
PEUGEOT 3008 II phase 2,
PEUGEOT 508 phase 2,
PEUGEOT 2008 II,
PEUGEOT 208 II AFFAIRE,
PEUGEOT 2008 II,
PEUGEOT 508 II,
PEUGEOT 3008 II phase 2,
PEUGEOT 2008 II,
PEUGEOT 308 III SW,
PEUGEOT 5008 II phase 2,
PEUGEOT 2008 II,
PEUGEOT 208 II,
PEUGEOT 3008 II phase 2,
PEUGEOT 308 CC,
PEUGEOT 5008 II,
PEUGEOT 2008 II,
PEUGEOT 2008 II,
PEUGEOT 3008 II phase 2,
PEUGEOT 208 II,
PEUGEOT 308 II phase 2,
PEUGEOT 208 II,
PEUGEOT 208 II,
PEUGEOT 5008 II phase 2,
PEUGEOT 308 II phase 2,
PEUGEOT 308 II phase 2,
PEUGEOT 3008 II phase 2,
PEUGEOT 308 II phase 2,
PEUGEOT RIFTER,
PEUGEOT 208 II,
PEUGEOT 508 II phase 2,
PEUGEOT 2008 II,
PEUGEOT 5008 II phase 2,
PEUGEOT 2008 II,
PEUGEOT 308 II phase 2,
PEUGEOT 2008 II,
PEUGEOT 308 II phase 2,
PEUGEOT 208 II,
PEUGEOT 308 II phase 2,
PEUGEOT PARTNER II TEPEE phase 3,
